session_id,timestamp,duration,mean_volume,tempo,pause_ratio,sentiment,filler_count,transcription_sample,target_score,label
sess_0_1771422404,2026-01-22T14:46:44.459511,130.18,0.1088,93.0,0.13,-1.0,1,"Franchement c'était nul, je déteste le code.",61,1
sess_1_1771422404,2026-01-28T14:46:44.459511,68.31,0.0448,151.3,0.34,-0.11,9,Euh... alors... je crois que... peut-être.,19,0
sess_2_1771422404,2026-01-09T14:46:44.459511,168.47,0.0886,112.8,0.1,0.76,2,"Bonjour, je suis très motivé pour ce poste.",92,1
sess_3_1771422404,2026-01-04T14:46:44.459511,128.93,0.1016,111.9,0.1,0.54,1,J'ai une expérience solide en Python et Docker.,91,1
sess_4_1771422404,2026-01-14T14:46:44.459511,122.45,0.118,105.2,0.13,0.15,3,"C'était un peu compliqué, euh, mais on a réussi.",73,1
sess_5_1771422404,2026-01-28T14:46:44.459511,192.35,0.0618,91.9,0.09,-0.81,0,"Franchement c'était nul, je déteste le code.",77,1
sess_6_1771422404,2026-01-14T14:46:44.459511,146.76,0.101,93.2,0.09,0.52,0,J'ai une expérience solide en Python et Docker.,100,1
sess_7_1771422404,2026-01-12T14:46:44.459511,97.09,0.0132,158.2,0.46,-0.1,10,Euh... alors... je crois que... peut-être.,6,0
sess_8_1771422404,2026-01-25T14:46:44.459511,274.92,0.0264,156.8,0.24,0.06,8,Euh... alors... je crois que... peut-être.,35,0
sess_9_1771422404,2026-01-20T14:46:44.459511,63.7,0.0409,147.5,0.46,0.02,5,"C'était un peu compliqué, euh, mais on a réussi.",34,0
sess_10_1771422404,2026-01-16T14:46:44.459511,197.49,0.1224,96.1,0.14,-0.81,1,"Franchement c'était nul, je déteste le code.",62,1
sess_11_1771422404,2026-01-28T14:46:44.459511,224.14,0.0915,119.6,0.14,-0.86,3,"Franchement c'était nul, je déteste le code.",54,0
sess_12_1771422404,2026-02-04T14:46:44.459511,99.26,0.0466,128.9,0.25,-0.22,8,"Euh... bah en fait je sais pas trop, genre...",27,0
sess_13_1771422404,2026-02-15T14:46:44.459511,185.17,0.0157,111.3,0.37,-0.33,8,"Euh... bah en fait je sais pas trop, genre...",14,0
sess_14_1771422404,2026-01-28T14:46:44.459511,32.74,0.093,116.1,0.14,0.12,2,"C'était un peu compliqué, euh, mais on a réussi.",81,1
sess_15_1771422404,2026-02-15T14:46:44.461280,194.04,0.0374,112.6,0.46,-0.28,8,"Euh... bah en fait je sais pas trop, genre...",4,0
sess_16_1771422404,2026-01-25T14:46:44.461280,141.04,0.1104,119.6,0.09,-1.0,1,"Franchement c'était nul, je déteste le code.",66,1
sess_17_1771422404,2026-02-11T14:46:44.461280,271.64,0.0613,102.9,0.11,0.72,3,J'ai une expérience solide en Python et Docker.,92,1
sess_18_1771422404,2025-12-24T14:46:44.461280,268.91,0.1271,101.7,0.14,0.73,1,J'ai une expérience solide en Python et Docker.,90,1
sess_19_1771422404,2026-01-06T14:46:44.461280,168.54,0.1222,104.6,0.11,0.93,2,"Bonjour, je suis très motivé pour ce poste.",100,1
sess_20_1771422404,2026-01-27T14:46:44.461280,106.2,0.1274,91.5,0.12,-0.8,0,"Franchement c'était nul, je déteste le code.",67,1
sess_21_1771422404,2026-01-12T14:46:44.461280,147.88,0.0476,155.5,0.45,-0.2,6,"Euh... bah en fait je sais pas trop, genre...",24,0
sess_22_1771422404,2026-01-29T14:46:44.461280,126.66,0.1316,97.9,0.13,0.8,0,J'ai une expérience solide en Python et Docker.,98,1
sess_23_1771422404,2026-01-29T14:46:44.461280,132.01,0.043,142.9,0.4,-0.16,10,Euh... alors... je crois que... peut-être.,10,0
sess_24_1771422404,2026-02-16T14:46:44.461280,113.7,0.0978,93.0,0.05,-0.7,3,"Franchement c'était nul, je déteste le code.",70,1
sess_25_1771422404,2026-01-16T14:46:44.461280,143.73,0.0298,142.1,0.33,-0.1,11,Euh... alors... je crois que... peut-être.,15,0
sess_26_1771422404,2025-12-31T14:46:44.461280,60.19,0.1311,112.1,0.12,-0.81,0,"Franchement c'était nul, je déteste le code.",73,1
sess_27_1771422404,2026-01-24T14:46:44.461280,86.64,0.0347,132.6,0.41,0.3,5,"C'était un peu compliqué, euh, mais on a réussi.",37,0
sess_28_1771422404,2025-12-23T14:46:44.461280,246.26,0.0595,91.1,0.13,-0.79,1,"Franchement c'était nul, je déteste le code.",66,1
sess_29_1771422404,2026-01-13T14:46:44.461280,43.75,0.0404,114.1,0.48,-0.31,7,"Euh... bah en fait je sais pas trop, genre...",11,0
sess_30_1771422404,2026-01-14T14:46:44.461280,107.36,0.0459,151.1,0.37,0.07,10,Euh... alors... je crois que... peut-être.,19,0
sess_31_1771422404,2026-01-31T14:46:44.461280,174.2,0.0439,111.8,0.42,-0.13,5,"Euh... bah en fait je sais pas trop, genre...",29,0
sess_32_1771422404,2026-02-04T14:46:44.461280,97.74,0.1292,114.0,0.13,0.7,1,"Bonjour, je suis très motivé pour ce poste.",93,1
sess_33_1771422404,2026-02-12T14:46:44.461280,65.23,0.0404,148.0,0.3,0.09,7,Euh... alors... je crois que... peut-être.,34,0
sess_34_1771422404,2026-01-23T14:46:44.461280,181.76,0.131,99.3,0.06,0.78,0,J'ai une expérience solide en Python et Docker.,100,1
sess_35_1771422404,2025-12-26T14:46:44.461280,215.38,0.1452,97.2,0.13,0.73,3,"Bonjour, je suis très motivé pour ce poste.",87,1
sess_36_1771422404,2025-12-29T14:46:44.461280,184.47,0.0153,143.8,0.47,-0.36,5,"Euh... bah en fait je sais pas trop, genre...",16,0
sess_37_1771422404,2026-01-04T14:46:44.461280,48.87,0.0651,97.0,0.1,-1.0,1,"Franchement c'était nul, je déteste le code.",62,1
sess_38_1771422404,2025-12-27T14:46:44.461280,140.15,0.0203,111.0,0.27,0.06,9,Euh... alors... je crois que... peut-être.,28,0
sess_39_1771422404,2026-02-12T14:46:44.461280,259.63,0.0297,157.6,0.45,-0.1,5,"C'était un peu compliqué, euh, mais on a réussi.",30,0
sess_40_1771422404,2026-01-04T14:46:44.461280,80.09,0.0786,94.9,0.14,-0.7,2,"Franchement c'était nul, je déteste le code.",61,1
sess_41_1771422404,2026-01-15T14:46:44.461280,95.13,0.1155,91.7,0.11,-0.05,2,"C'était un peu compliqué, euh, mais on a réussi.",81,1
sess_42_1771422404,2026-01-29T14:46:44.461280,210.14,0.0803,96.5,0.14,0.99,1,"Bonjour, je suis très motivé pour ce poste.",100,1
sess_43_1771422404,2026-01-21T14:46:44.461280,83.27,0.0668,97.1,0.13,-0.99,2,"Franchement c'était nul, je déteste le code.",57,0
sess_44_1771422404,2026-01-11T14:46:44.461280,63.54,0.0522,96.0,0.15,-1.0,0,"Franchement c'était nul, je déteste le code.",60,0
sess_45_1771422404,2026-01-20T14:46:44.461280,83.15,0.0953,97.9,0.07,0.74,0,J'ai une expérience solide en Python et Docker.,100,1
sess_46_1771422404,2026-02-18T14:46:44.461280,278.61,0.1205,119.0,0.08,-0.77,1,"Franchement c'était nul, je déteste le code.",74,1
sess_47_1771422404,2026-02-10T14:46:44.461280,158.97,0.0214,151.0,0.46,-0.01,11,Euh... alors... je crois que... peut-être.,0,0
sess_48_1771422404,2026-01-12T14:46:44.461280,214.68,0.1219,90.7,0.08,-0.06,2,"C'était un peu compliqué, euh, mais on a réussi.",81,1
sess_49_1771422404,2026-01-11T14:46:44.461280,231.15,0.0298,150.6,0.26,-0.33,8,"Euh... bah en fait je sais pas trop, genre...",28,0
sess_50_1771422404,2026-02-03T14:46:44.461280,44.76,0.0362,152.8,0.4,-0.27,5,"Euh... bah en fait je sais pas trop, genre...",25,0
sess_51_1771422404,2025-12-27T14:46:44.461280,258.67,0.0163,117.7,0.44,-0.06,5,"Euh... bah en fait je sais pas trop, genre...",29,0
sess_52_1771422404,2026-02-18T14:46:44.461280,103.3,0.1367,105.9,0.12,0.65,3,"Bonjour, je suis très motivé pour ce poste.",81,1
sess_53_1771422404,2025-12-25T14:46:44.461280,43.74,0.0441,155.6,0.41,-0.08,5,"Euh... bah en fait je sais pas trop, genre...",34,0
sess_54_1771422404,2026-01-28T14:46:44.461280,211.79,0.0489,155.0,0.26,0.06,9,Euh... alors... je crois que... peut-être.,27,0
sess_55_1771422404,2026-02-05T14:46:44.461280,115.48,0.0103,145.7,0.26,-0.08,4,"C'était un peu compliqué, euh, mais on a réussi.",51,0
sess_56_1771422404,2026-02-12T14:46:44.461280,254.11,0.1181,109.1,0.11,0.82,2,"Bonjour, je suis très motivé pour ce poste.",98,1
sess_57_1771422404,2026-01-27T14:46:44.461280,117.11,0.1064,107.2,0.12,0.69,0,J'ai une expérience solide en Python et Docker.,98,1
sess_58_1771422404,2026-01-18T14:46:44.461280,193.22,0.0678,112.9,0.12,0.68,0,"Bonjour, je suis très motivé pour ce poste.",100,1
sess_59_1771422404,2026-01-01T14:46:44.461280,264.95,0.0948,107.7,0.05,-0.73,0,"Franchement c'était nul, je déteste le code.",76,1
sess_60_1771422404,2026-01-09T14:46:44.461280,41.87,0.0123,118.3,0.23,-0.13,8,"Euh... bah en fait je sais pas trop, genre...",38,0
sess_61_1771422404,2025-12-20T14:46:44.461280,266.63,0.0105,134.8,0.44,-0.16,6,"Euh... bah en fait je sais pas trop, genre...",27,0
sess_62_1771422404,2026-01-26T14:46:44.461280,188.52,0.0385,126.1,0.43,-0.29,8,"Euh... bah en fait je sais pas trop, genre...",6,0
sess_63_1771422404,2026-02-05T14:46:44.461280,91.8,0.0837,105.2,0.1,-0.95,0,"Franchement c'était nul, je déteste le code.",74,1
sess_64_1771422404,2026-01-14T14:46:44.461280,234.54,0.1317,119.0,0.05,0.78,1,"Bonjour, je suis très motivé pour ce poste.",100,1
sess_65_1771422404,2026-01-11T14:46:44.461280,235.65,0.0172,110.2,0.24,-0.1,10,Euh... alors... je crois que... peut-être.,19,0
sess_66_1771422404,2026-01-06T14:46:44.461280,35.74,0.0986,102.5,0.06,0.6,3,J'ai une expérience solide en Python et Docker.,89,1
sess_67_1771422404,2026-01-11T14:46:44.461280,47.75,0.0599,91.4,0.11,-0.03,1,"C'était un peu compliqué, euh, mais on a réussi.",81,1
sess_68_1771422404,2026-01-17T14:46:44.461280,108.17,0.0157,112.4,0.2,-0.4,4,"Euh... bah en fait je sais pas trop, genre...",54,0
sess_69_1771422404,2026-01-03T14:46:44.461280,143.21,0.0538,91.4,0.08,0.63,1,"Bonjour, je suis très motivé pour ce poste.",98,1
sess_70_1771422404,2026-01-09T14:46:44.461280,266.97,0.1469,119.2,0.08,0.13,2,"C'était un peu compliqué, euh, mais on a réussi.",88,1
sess_71_1771422404,2025-12-27T14:46:44.461280,146.41,0.0563,111.9,0.1,0.51,0,J'ai une expérience solide en Python et Docker.,100,1
sess_72_1771422404,2026-01-25T14:46:44.461280,239.74,0.0269,154.7,0.39,-0.17,11,Euh... alors... je crois que... peut-être.,4,0
sess_73_1771422404,2026-02-05T14:46:44.461280,77.24,0.1284,99.2,0.05,0.71,1,J'ai une expérience solide en Python et Docker.,100,1
sess_74_1771422404,2026-01-13T14:46:44.461280,205.9,0.0187,153.0,0.45,-0.13,7,Euh... alors... je crois que... peut-être.,14,0
sess_75_1771422404,2025-12-22T14:46:44.461280,150.65,0.0991,110.9,0.05,0.5,0,J'ai une expérience solide en Python et Docker.,100,1
sess_76_1771422404,2026-02-11T14:46:44.461280,73.55,0.0471,128.9,0.47,-0.13,7,"Euh... bah en fait je sais pas trop, genre...",17,0
sess_77_1771422404,2026-01-12T14:46:44.461280,95.31,0.1352,103.5,0.13,1.0,3,"Bonjour, je suis très motivé pour ce poste.",95,1
sess_78_1771422404,2025-12-31T14:46:44.461280,58.31,0.0372,147.7,0.45,-0.31,4,"Euh... bah en fait je sais pas trop, genre...",32,0
sess_79_1771422404,2026-01-09T14:46:44.461280,145.77,0.0915,109.7,0.12,0.78,0,"Bonjour, je suis très motivé pour ce poste.",98,1
sess_80_1771422404,2025-12-28T14:46:44.461280,198.42,0.0693,112.8,0.09,-0.7,2,"Franchement c'était nul, je déteste le code.",68,1
sess_81_1771422404,2026-01-01T14:46:44.461280,48.17,0.099,106.3,0.05,0.83,0,"Bonjour, je suis très motivé pour ce poste.",100,1
sess_82_1771422404,2026-01-02T14:46:44.461280,138.84,0.0451,157.5,0.41,-0.34,6,"Euh... bah en fait je sais pas trop, genre...",19,0
sess_83_1771422404,2026-02-15T14:46:44.461280,69.88,0.0637,115.7,0.08,0.88,2,"Bonjour, je suis très motivé pour ce poste.",96,1
sess_84_1771422404,2026-01-12T14:46:44.461280,162.23,0.1312,115.2,0.13,-0.77,1,"Franchement c'était nul, je déteste le code.",61,1
sess_85_1771422404,2026-01-28T14:46:44.461280,115.48,0.1087,112.6,0.09,-0.7,2,"Franchement c'était nul, je déteste le code.",65,1
sess_86_1771422404,2026-02-02T14:46:44.461280,192.76,0.0405,122.4,0.45,-0.07,11,Euh... alors... je crois que... peut-être.,0,0
sess_87_1771422404,2026-01-22T14:46:44.461280,269.9,0.0164,118.8,0.44,-0.08,8,Euh... alors... je crois que... peut-être.,15,0
sess_88_1771422404,2026-01-10T14:46:44.461280,223.16,0.1323,110.5,0.08,0.15,3,"C'était un peu compliqué, euh, mais on a réussi.",78,1
sess_89_1771422404,2026-02-12T14:46:44.461280,189.59,0.0141,132.4,0.32,-0.03,6,"Euh... bah en fait je sais pas trop, genre...",36,0
sess_90_1771422404,2026-01-09T14:46:44.461280,65.72,0.1017,107.6,0.15,-0.81,2,"Franchement c'était nul, je déteste le code.",57,0
sess_91_1771422404,2025-12-27T14:46:44.461280,126.9,0.0908,107.7,0.08,0.76,1,"Bonjour, je suis très motivé pour ce poste.",100,1
sess_92_1771422404,2026-02-16T14:46:44.461280,202.53,0.0301,145.8,0.39,0.06,7,Euh... alors... je crois que... peut-être.,28,0
sess_93_1771422404,2026-01-21T14:46:44.461280,73.54,0.0895,92.8,0.08,-1.0,2,"Franchement c'était nul, je déteste le code.",57,0
sess_94_1771422404,2026-01-01T14:46:44.461280,146.3,0.1202,103.7,0.08,0.61,1,J'ai une expérience solide en Python et Docker.,100,1
sess_95_1771422404,2025-12-26T14:46:44.461280,162.48,0.127,112.3,0.07,0.58,0,J'ai une expérience solide en Python et Docker.,99,1
sess_96_1771422404,2026-01-05T14:46:44.461280,265.4,0.1048,111.1,0.07,0.8,2,"Bonjour, je suis très motivé pour ce poste.",99,1
sess_97_1771422404,2025-12-21T14:46:44.461280,131.09,0.0564,91.1,0.1,-0.07,3,"C'était un peu compliqué, euh, mais on a réussi.",73,1
sess_98_1771422404,2026-01-20T14:46:44.461280,272.37,0.1046,104.8,0.09,0.79,0,"Bonjour, je suis très motivé pour ce poste.",100,1
sess_99_1771422404,2025-12-24T14:46:44.461280,53.26,0.0532,111.1,0.09,0.78,1,"Bonjour, je suis très motivé pour ce poste.",97,1
sess_100_1771422404,2026-02-13T14:46:44.461280,236.48,0.0154,159.9,0.23,0.09,11,Euh... alors... je crois que... peut-être.,21,0
sess_101_1771422404,2026-02-15T14:46:44.461280,177.71,0.044,144.7,0.45,-0.03,8,"Euh... bah en fait je sais pas trop, genre...",15,0
sess_102_1771422404,2026-01-17T14:46:44.461280,182.72,0.104,114.1,0.12,-0.71,1,"Franchement c'était nul, je déteste le code.",70,1
sess_103_1771422404,2026-01-09T14:46:44.461280,108.84,0.143,93.6,0.12,0.75,0,"Bonjour, je suis très motivé pour ce poste.",100,1
sess_104_1771422404,2026-02-08T14:46:44.461280,289.42,0.0525,115.7,0.07,-0.9,2,"Franchement c'était nul, je déteste le code.",62,1
sess_105_1771422404,2026-02-13T14:46:44.461280,294.14,0.0184,138.2,0.44,0.0,7,Euh... alors... je crois que... peut-être.,18,0
sess_106_1771422404,2026-01-14T14:46:44.461280,77.39,0.0855,92.0,0.15,0.17,3,"C'était un peu compliqué, euh, mais on a réussi.",75,1
sess_107_1771422404,2025-12-20T14:46:44.461280,236.74,0.0189,141.7,0.48,-0.26,7,Euh... alors... je crois que... peut-être.,10,0
sess_108_1771422404,2026-02-15T14:46:44.461280,114.36,0.0392,122.4,0.3,-0.1,4,"Euh... bah en fait je sais pas trop, genre...",48,0
sess_109_1771422404,2026-01-06T14:46:44.461280,52.43,0.0554,110.7,0.12,0.54,0,J'ai une expérience solide en Python et Docker.,98,1
sess_110_1771422404,2026-01-16T14:46:44.461280,269.76,0.0252,146.2,0.23,-0.29,6,"Euh... bah en fait je sais pas trop, genre...",41,0
sess_111_1771422404,2026-02-17T14:46:44.461280,72.37,0.1437,98.5,0.11,-0.85,1,"Franchement c'était nul, je déteste le code.",70,1
sess_112_1771422404,2026-01-08T14:46:44.461280,183.38,0.0665,93.5,0.14,0.72,3,"Bonjour, je suis très motivé pour ce poste.",82,1
sess_113_1771422404,2025-12-23T14:46:44.461280,42.37,0.1276,108.5,0.14,0.5,2,J'ai une expérience solide en Python et Docker.,89,1
sess_114_1771422404,2026-01-29T14:46:44.461280,31.62,0.1415,105.3,0.05,0.01,2,"C'était un peu compliqué, euh, mais on a réussi.",81,1
sess_115_1771422404,2025-12-29T14:46:44.461280,116.16,0.0955,90.5,0.15,0.83,3,"Bonjour, je suis très motivé pour ce poste.",89,1
sess_116_1771422404,2026-02-17T14:46:44.461280,181.85,0.1235,114.0,0.13,0.7,0,"Bonjour, je suis très motivé pour ce poste.",97,1
sess_117_1771422404,2026-01-28T14:46:44.461280,92.68,0.0464,122.5,0.45,-0.29,9,Euh... alors... je crois que... peut-être.,1,0
sess_118_1771422404,2026-01-09T14:46:44.461280,68.82,0.1395,115.8,0.06,0.65,1,J'ai une expérience solide en Python et Docker.,100,1
sess_119_1771422404,2026-01-08T14:46:44.461280,218.77,0.1102,104.7,0.09,-0.9,0,"Franchement c'était nul, je déteste le code.",69,1
sess_120_1771422404,2026-01-26T14:46:44.461280,125.14,0.0244,118.1,0.21,0.1,9,Euh... alors... je crois que... peut-être.,34,0
sess_121_1771422404,2026-01-07T14:46:44.461280,81.68,0.028,158.3,0.22,-0.23,5,"Euh... bah en fait je sais pas trop, genre...",51,0
sess_122_1771422404,2026-02-08T14:46:44.461280,270.84,0.0272,143.0,0.37,-0.26,9,Euh... alors... je crois que... peut-être.,11,0
sess_123_1771422404,2026-01-28T14:46:44.461280,248.67,0.0367,116.7,0.34,-0.02,5,"C'était un peu compliqué, euh, mais on a réussi.",36,0
sess_124_1771422404,2026-02-15T14:46:44.461280,113.19,0.0804,95.9,0.11,-0.77,0,"Franchement c'était nul, je déteste le code.",77,1
sess_125_1771422404,2026-01-25T14:46:44.461280,232.11,0.1313,98.3,0.11,-0.96,1,"Franchement c'était nul, je déteste le code.",62,1
sess_126_1771422404,2026-01-29T14:46:44.461280,136.87,0.0997,98.8,0.13,0.2,1,"C'était un peu compliqué, euh, mais on a réussi.",84,1
sess_127_1771422404,2025-12-31T14:46:44.461280,167.77,0.0287,150.5,0.48,0.3,4,"C'était un peu compliqué, euh, mais on a réussi.",38,0
sess_128_1771422404,2026-02-04T14:46:44.461280,287.13,0.0343,121.2,0.29,-0.11,5,"Euh... bah en fait je sais pas trop, genre...",39,0
sess_129_1771422404,2026-01-11T14:46:44.461280,141.05,0.145,102.6,0.1,-0.83,1,"Franchement c'était nul, je déteste le code.",68,1
sess_130_1771422404,2026-02-09T14:46:44.461280,50.93,0.0153,137.1,0.21,-0.08,4,"Euh... bah en fait je sais pas trop, genre...",54,0
sess_131_1771422404,2026-01-10T14:46:44.461280,163.59,0.0398,132.1,0.46,-0.21,6,"Euh... bah en fait je sais pas trop, genre...",15,0
sess_132_1771422404,2026-02-10T14:46:44.461280,30.41,0.0843,101.7,0.12,0.91,0,"Bonjour, je suis très motivé pour ce poste.",100,1
sess_133_1771422404,2026-01-03T14:46:44.462295,63.02,0.0345,148.2,0.3,-0.26,8,Euh... alors... je crois que... peut-être.,23,0
sess_134_1771422404,2026-01-20T14:46:44.462295,60.68,0.0501,106.4,0.07,0.62,0,J'ai une expérience solide en Python et Docker.,100,1
sess_135_1771422404,2026-01-17T14:46:44.462295,181.46,0.0465,123.0,0.22,0.1,4,"C'était un peu compliqué, euh, mais on a réussi.",59,0
sess_136_1771422404,2026-02-02T14:46:44.462295,226.84,0.1474,95.1,0.12,0.41,2,J'ai une expérience solide en Python et Docker.,89,1
sess_137_1771422404,2025-12-23T14:46:44.462295,130.98,0.102,95.7,0.12,0.77,2,J'ai une expérience solide en Python et Docker.,91,1
sess_138_1771422404,2026-02-12T14:46:44.462295,119.29,0.0767,105.2,0.15,-0.95,1,"Franchement c'était nul, je déteste le code.",66,1
sess_139_1771422404,2026-02-03T14:46:44.462295,154.36,0.0945,115.5,0.11,0.6,0,"Bonjour, je suis très motivé pour ce poste.",100,1
sess_140_1771422404,2026-01-13T14:46:44.462295,213.46,0.0461,142.2,0.49,-0.1,6,"Euh... bah en fait je sais pas trop, genre...",14,0
sess_141_1771422404,2025-12-24T14:46:44.462295,76.75,0.1477,117.6,0.13,0.19,1,"C'était un peu compliqué, euh, mais on a réussi.",86,1
sess_142_1771422404,2026-01-27T14:46:44.462295,61.26,0.129,106.1,0.05,0.41,1,J'ai une expérience solide en Python et Docker.,99,1
sess_143_1771422404,2026-01-30T14:46:44.462295,41.38,0.0612,111.1,0.08,-0.97,2,"Franchement c'était nul, je déteste le code.",59,0
sess_144_1771422404,2025-12-21T14:46:44.462295,131.45,0.049,134.1,0.46,-0.29,6,"Euh... bah en fait je sais pas trop, genre...",22,0
sess_145_1771422404,2026-02-12T14:46:44.462295,194.15,0.0658,92.0,0.11,0.99,1,"Bonjour, je suis très motivé pour ce poste.",100,1
sess_146_1771422404,2026-01-25T14:46:44.462295,118.8,0.0442,115.9,0.28,-0.03,5,"Euh... bah en fait je sais pas trop, genre...",49,0
sess_147_1771422404,2025-12-24T14:46:44.462295,268.58,0.0755,103.7,0.1,0.42,1,J'ai une expérience solide en Python et Docker.,96,1
sess_148_1771422404,2026-01-11T14:46:44.462295,295.84,0.1149,115.3,0.09,-0.94,2,"Franchement c'était nul, je déteste le code.",60,0
sess_149_1771422404,2026-01-30T14:46:44.462295,157.74,0.0482,118.2,0.26,-0.36,5,"Euh... bah en fait je sais pas trop, genre...",41,0
sess_150_1771422404,2026-01-11T14:46:44.462295,112.87,0.0507,102.3,0.08,-0.75,1,"Franchement c'était nul, je déteste le code.",73,1
sess_151_1771422404,2026-01-26T14:46:44.462295,178.22,0.0335,112.0,0.44,0.04,7,Euh... alors... je crois que... peut-être.,26,0
sess_152_1771422404,2025-12-27T14:46:44.462295,257.56,0.051,104.6,0.13,0.63,0,J'ai une expérience solide en Python et Docker.,100,1
sess_153_1771422404,2025-12-27T14:46:44.462295,283.62,0.077,111.9,0.11,-0.96,3,"Franchement c'était nul, je déteste le code.",53,0
sess_154_1771422404,2026-01-30T14:46:44.462295,184.7,0.034,157.3,0.46,-0.21,5,"Euh... bah en fait je sais pas trop, genre...",25,0
sess_155_1771422404,2025-12-30T14:46:44.462295,168.31,0.1191,113.8,0.13,0.29,1,"C'était un peu compliqué, euh, mais on a réussi.",91,1
sess_156_1771422404,2026-01-14T14:46:44.462295,61.52,0.1044,103.6,0.11,0.99,2,"Bonjour, je suis très motivé pour ce poste.",100,1
sess_157_1771422404,2026-01-30T14:46:44.462295,77.23,0.1212,110.6,0.12,-1.0,0,"Franchement c'était nul, je déteste le code.",72,1
sess_158_1771422404,2025-12-22T14:46:44.462295,219.15,0.1381,102.3,0.15,0.65,0,"Bonjour, je suis très motivé pour ce poste.",94,1
sess_159_1771422404,2026-01-17T14:46:44.462295,124.46,0.1211,96.5,0.05,-0.82,0,"Franchement c'était nul, je déteste le code.",82,1
sess_160_1771422404,2026-02-02T14:46:44.462295,182.22,0.0418,147.0,0.27,-0.01,7,"Euh... bah en fait je sais pas trop, genre...",39,0
sess_161_1771422404,2026-01-31T14:46:44.462295,298.75,0.1066,114.1,0.05,0.94,0,"Bonjour, je suis très motivé pour ce poste.",100,1
sess_162_1771422404,2025-12-26T14:46:44.462295,211.47,0.0419,132.3,0.32,-0.24,8,"Euh... bah en fait je sais pas trop, genre...",24,0
sess_163_1771422404,2026-02-10T14:46:44.462295,77.45,0.017,146.8,0.46,-0.11,7,Euh... alors... je crois que... peut-être.,18,0
sess_164_1771422404,2026-02-18T14:46:44.462295,107.72,0.0339,119.8,0.4,-0.1,4,"Euh... bah en fait je sais pas trop, genre...",34,0
sess_165_1771422404,2026-02-03T14:46:44.462295,48.87,0.0849,102.0,0.12,0.88,0,"Bonjour, je suis très motivé pour ce poste.",100,1
sess_166_1771422404,2026-01-20T14:46:44.462295,221.3,0.0903,105.8,0.12,0.64,2,"Bonjour, je suis très motivé pour ce poste.",88,1
sess_167_1771422404,2026-01-16T14:46:44.462295,64.83,0.0701,105.0,0.06,0.83,0,"Bonjour, je suis très motivé pour ce poste.",100,1
sess_168_1771422404,2026-01-22T14:46:44.462295,181.54,0.0838,92.5,0.14,0.95,1,"Bonjour, je suis très motivé pour ce poste.",99,1
sess_169_1771422404,2026-01-26T14:46:44.462295,266.67,0.1299,113.0,0.15,0.0,3,"C'était un peu compliqué, euh, mais on a réussi.",73,1
sess_170_1771422404,2026-01-13T14:46:44.462295,194.57,0.0201,129.3,0.36,-0.36,5,"Euh... bah en fait je sais pas trop, genre...",28,0
sess_171_1771422404,2025-12-24T14:46:44.462295,216.26,0.1436,93.9,0.07,0.93,0,"Bonjour, je suis très motivé pour ce poste.",100,1
sess_172_1771422404,2026-02-17T14:46:44.462295,241.32,0.0167,132.2,0.42,-0.28,5,"Euh... bah en fait je sais pas trop, genre...",29,0
sess_173_1771422404,2026-01-11T14:46:44.462295,58.06,0.1206,114.1,0.09,-0.08,1,"C'était un peu compliqué, euh, mais on a réussi.",86,1
sess_174_1771422404,2026-01-27T14:46:44.462295,238.77,0.0998,91.2,0.07,0.9,0,"Bonjour, je suis très motivé pour ce poste.",100,1
sess_175_1771422404,2026-02-13T14:46:44.462295,241.64,0.0121,143.6,0.23,-0.2,7,Euh... alors... je crois que... peut-être.,38,0
sess_176_1771422404,2025-12-30T14:46:44.462295,99.27,0.1095,106.3,0.12,-0.88,2,"Franchement c'était nul, je déteste le code.",60,0
sess_177_1771422404,2026-01-15T14:46:44.462295,210.47,0.0489,124.1,0.36,-0.14,9,Euh... alors... je crois que... peut-être.,18,0
sess_178_1771422404,2026-02-03T14:46:44.462295,267.15,0.0242,120.8,0.31,0.03,10,Euh... alors... je crois que... peut-être.,23,0
sess_179_1771422404,2026-01-18T14:46:44.462295,288.53,0.1376,90.6,0.12,-0.87,0,"Franchement c'était nul, je déteste le code.",66,1
sess_180_1771422404,2025-12-27T14:46:44.462295,242.67,0.0894,111.9,0.06,-0.82,3,"Franchement c'était nul, je déteste le code.",60,0
sess_181_1771422404,2025-12-25T14:46:44.462295,107.46,0.025,144.4,0.49,-0.15,5,"Euh... bah en fait je sais pas trop, genre...",23,0
sess_182_1771422404,2026-01-19T14:46:44.462705,220.19,0.1046,102.7,0.05,0.74,3,"Bonjour, je suis très motivé pour ce poste.",95,1
sess_183_1771422404,2026-01-26T14:46:44.462705,122.87,0.0257,156.6,0.46,-0.31,6,"Euh... bah en fait je sais pas trop, genre...",14,0
sess_184_1771422404,2025-12-21T14:46:44.462705,112.85,0.0515,97.5,0.06,-0.98,3,"Franchement c'était nul, je déteste le code.",58,0
sess_185_1771422404,2026-02-01T14:46:44.462705,225.26,0.0418,152.7,0.46,-0.01,8,Euh... alors... je crois que... peut-être.,9,0
sess_186_1771422404,2026-01-06T14:46:44.462705,210.67,0.134,101.0,0.08,-0.78,1,"Franchement c'était nul, je déteste le code.",70,1
sess_187_1771422404,2026-01-19T14:46:44.462705,172.11,0.1275,93.4,0.13,-1.0,3,"Franchement c'était nul, je déteste le code.",56,0
sess_188_1771422404,2026-01-24T14:46:44.462705,212.52,0.0369,135.7,0.29,-0.18,8,"Euh... bah en fait je sais pas trop, genre...",25,0
sess_189_1771422404,2026-01-10T14:46:44.462705,75.58,0.1298,106.0,0.11,0.13,3,"C'était un peu compliqué, euh, mais on a réussi.",80,1
sess_190_1771422404,2026-02-12T14:46:44.462705,153.29,0.0119,150.0,0.31,-0.06,7,"Euh... bah en fait je sais pas trop, genre...",36,0
sess_191_1771422404,2026-01-10T14:46:44.462705,197.16,0.0115,135.6,0.39,0.15,5,"C'était un peu compliqué, euh, mais on a réussi.",36,0
sess_192_1771422404,2026-01-05T14:46:44.462705,232.98,0.1337,97.5,0.15,0.14,2,"C'était un peu compliqué, euh, mais on a réussi.",78,1
sess_193_1771422404,2026-02-07T14:46:44.462705,45.54,0.1194,92.7,0.13,0.94,1,"Bonjour, je suis très motivé pour ce poste.",100,1
sess_194_1771422404,2026-02-12T14:46:44.462705,125.6,0.0573,114.4,0.11,-0.71,0,"Franchement c'était nul, je déteste le code.",75,1
sess_195_1771422404,2026-01-20T14:46:44.462705,292.09,0.0283,125.5,0.37,-0.07,10,Euh... alors... je crois que... peut-être.,13,0
sess_196_1771422404,2026-01-30T14:46:44.462705,233.81,0.0869,91.4,0.07,0.74,1,"Bonjour, je suis très motivé pour ce poste.",100,1
sess_197_1771422404,2026-01-18T14:46:44.462705,164.33,0.037,137.5,0.46,-0.23,8,Euh... alors... je crois que... peut-être.,6,0
sess_198_1771422404,2026-01-04T14:46:44.462705,50.63,0.1462,104.3,0.13,0.75,1,J'ai une expérience solide en Python et Docker.,100,1
sess_199_1771422404,2026-02-11T14:46:44.462705,283.0,0.079,91.1,0.11,0.41,3,J'ai une expérience solide en Python et Docker.,80,1
sess_200_1771422404,2025-12-24T14:46:44.462705,282.76,0.045,138.6,0.35,-0.37,5,"Euh... bah en fait je sais pas trop, genre...",29,0
sess_201_1771422404,2026-01-03T14:46:44.462705,30.8,0.0448,140.0,0.23,-0.22,9,Euh... alors... je crois que... peut-être.,31,0
sess_202_1771422404,2026-01-07T14:46:44.462705,33.81,0.019,152.5,0.22,-0.26,9,Euh... alors... je crois que... peut-être.,25,0
sess_203_1771422404,2025-12-29T14:46:44.462705,130.69,0.1149,90.5,0.05,0.28,2,"C'était un peu compliqué, euh, mais on a réussi.",89,1
sess_204_1771422404,2026-01-07T14:46:44.462705,296.18,0.1171,100.5,0.11,1.0,0,"Bonjour, je suis très motivé pour ce poste.",100,1
sess_205_1771422404,2026-01-22T14:46:44.462705,199.36,0.0152,114.7,0.29,-0.39,8,"Euh... bah en fait je sais pas trop, genre...",22,0
sess_206_1771422404,2026-02-05T14:46:44.462705,210.82,0.02,158.0,0.47,-0.07,7,Euh... alors... je crois que... peut-être.,14,0
sess_207_1771422404,2025-12-24T14:46:44.462705,184.66,0.1196,109.1,0.09,0.74,1,"Bonjour, je suis très motivé pour ce poste.",96,1
sess_208_1771422404,2026-02-10T14:46:44.462705,65.77,0.0725,108.0,0.06,-0.98,1,"Franchement c'était nul, je déteste le code.",64,1
sess_209_1771422404,2025-12-29T14:46:44.462705,63.27,0.0688,95.2,0.1,0.76,2,"Bonjour, je suis très motivé pour ce poste.",94,1
sess_210_1771422404,2026-01-03T14:46:44.462705,200.87,0.1452,117.1,0.11,0.79,0,"Bonjour, je suis très motivé pour ce poste.",100,1
sess_211_1771422404,2026-02-12T14:46:44.462705,242.96,0.0404,145.5,0.29,-0.16,4,"Euh... bah en fait je sais pas trop, genre...",43,0
sess_212_1771422404,2026-01-20T14:46:44.462705,216.65,0.0133,134.8,0.31,-0.21,4,"Euh... bah en fait je sais pas trop, genre...",49,0
sess_213_1771422404,2026-01-24T14:46:44.462705,68.13,0.0123,110.3,0.23,-0.01,9,Euh... alors... je crois que... peut-être.,33,0
sess_214_1771422404,2026-02-08T14:46:44.462705,271.51,0.0164,151.3,0.41,-0.34,5,"Euh... bah en fait je sais pas trop, genre...",30,0
sess_215_1771422404,2026-02-07T14:46:44.462705,113.23,0.0256,151.9,0.44,-0.02,5,"Euh... bah en fait je sais pas trop, genre...",26,0
sess_216_1771422404,2026-01-31T14:46:44.462705,282.44,0.0255,122.7,0.31,-0.03,7,"Euh... bah en fait je sais pas trop, genre...",37,0
sess_217_1771422404,2026-01-25T14:46:44.462705,116.01,0.1034,108.7,0.14,0.43,2,J'ai une expérience solide en Python et Docker.,81,1
sess_218_1771422404,2026-01-03T14:46:44.462705,158.62,0.1447,110.1,0.15,0.68,2,"Bonjour, je suis très motivé pour ce poste.",86,1
sess_219_1771422404,2026-01-29T14:46:44.462705,30.9,0.0792,103.0,0.08,0.67,0,J'ai une expérience solide en Python et Docker.,100,1
sess_220_1771422404,2025-12-29T14:46:44.462705,154.32,0.0941,110.4,0.09,0.89,3,"Bonjour, je suis très motivé pour ce poste.",88,1
sess_221_1771422404,2026-01-30T14:46:44.462705,40.04,0.1028,115.8,0.1,0.17,2,"C'était un peu compliqué, euh, mais on a réussi.",83,1
sess_222_1771422404,2026-02-15T14:46:44.462705,168.77,0.0266,153.1,0.3,-0.3,6,"Euh... bah en fait je sais pas trop, genre...",34,0
sess_223_1771422404,2025-12-29T14:46:44.462705,35.91,0.1461,96.0,0.12,0.62,1,J'ai une expérience solide en Python et Docker.,92,1
sess_224_1771422404,2025-12-27T14:46:44.462705,250.57,0.1477,104.1,0.06,0.61,0,J'ai une expérience solide en Python et Docker.,100,1
sess_225_1771422404,2026-01-13T14:46:44.462705,151.65,0.1311,115.8,0.09,0.76,0,"Bonjour, je suis très motivé pour ce poste.",100,1
sess_226_1771422404,2026-01-31T14:46:44.462705,86.9,0.0453,131.1,0.22,-0.15,5,"Euh... bah en fait je sais pas trop, genre...",46,0
sess_227_1771422404,2026-01-02T14:46:44.462705,124.32,0.1173,96.1,0.1,0.9,1,"Bonjour, je suis très motivé pour ce poste.",100,1
sess_228_1771422404,2026-01-30T14:46:44.462705,58.81,0.1025,109.7,0.1,0.87,1,"Bonjour, je suis très motivé pour ce poste.",100,1
sess_229_1771422404,2026-02-15T14:46:44.462705,249.38,0.0302,134.2,0.41,-0.1,8,"Euh... bah en fait je sais pas trop, genre...",14,0
sess_230_1771422404,2026-02-12T14:46:44.462705,122.59,0.0112,127.2,0.22,-0.24,5,"Euh... bah en fait je sais pas trop, genre...",53,0
sess_231_1771422404,2026-01-14T14:46:44.463294,60.64,0.1348,110.5,0.09,0.15,1,"C'était un peu compliqué, euh, mais on a réussi.",91,1
sess_232_1771422404,2026-01-28T14:46:44.463294,297.47,0.0343,117.7,0.22,-0.1,8,Euh... alors... je crois que... peut-être.,35,0
sess_233_1771422404,2026-01-02T14:46:44.463294,269.77,0.0754,108.1,0.13,0.03,3,"C'était un peu compliqué, euh, mais on a réussi.",74,1
sess_234_1771422404,2026-01-14T14:46:44.463294,35.82,0.0368,152.6,0.32,-0.21,7,Euh... alors... je crois que... peut-être.,31,0
sess_235_1771422404,2026-01-07T14:46:44.463294,123.27,0.0596,113.5,0.1,0.29,2,"C'était un peu compliqué, euh, mais on a réussi.",81,1
sess_236_1771422404,2026-01-23T14:46:44.463294,204.26,0.0785,111.7,0.15,0.84,1,"Bonjour, je suis très motivé pour ce poste.",97,1
sess_237_1771422404,2026-01-28T14:46:44.463294,147.28,0.0997,111.3,0.09,-0.72,1,"Franchement c'était nul, je déteste le code.",69,1
sess_238_1771422404,2026-01-23T14:46:44.463294,229.19,0.1145,92.4,0.11,0.8,3,"Bonjour, je suis très motivé pour ce poste.",88,1
sess_239_1771422404,2026-01-28T14:46:44.463294,83.85,0.0514,98.0,0.14,-0.86,1,"Franchement c'était nul, je déteste le code.",63,1
sess_240_1771422404,2025-12-28T14:46:44.463294,183.89,0.0933,118.8,0.06,0.96,3,"Bonjour, je suis très motivé pour ce poste.",98,1
sess_241_1771422404,2026-01-14T14:46:44.463294,143.17,0.0877,99.4,0.11,0.22,1,"C'était un peu compliqué, euh, mais on a réussi.",86,1
sess_242_1771422404,2026-01-06T14:46:44.463294,60.15,0.0858,110.4,0.12,-0.07,3,"C'était un peu compliqué, euh, mais on a réussi.",72,1
sess_243_1771422404,2026-02-12T14:46:44.463294,254.9,0.0429,151.1,0.4,-0.25,7,Euh... alors... je crois que... peut-être.,15,0
sess_244_1771422404,2025-12-22T14:46:44.463294,156.54,0.0454,129.4,0.33,-0.12,9,Euh... alors... je crois que... peut-être.,20,0
sess_245_1771422404,2026-01-24T14:46:44.463294,283.92,0.1369,109.9,0.05,0.14,1,"C'était un peu compliqué, euh, mais on a réussi.",90,1
sess_246_1771422404,2026-02-14T14:46:44.463294,268.5,0.1044,116.5,0.12,-1.0,0,"Franchement c'était nul, je déteste le code.",63,1
sess_247_1771422404,2026-02-14T14:46:44.463294,37.68,0.1152,98.4,0.14,0.91,0,"Bonjour, je suis très motivé pour ce poste.",100,1
sess_248_1771422404,2026-01-10T14:46:44.463294,132.89,0.0384,131.6,0.23,-0.2,4,"Euh... bah en fait je sais pas trop, genre...",51,0
sess_249_1771422404,2025-12-28T14:46:44.463294,203.0,0.0899,95.6,0.06,0.75,3,J'ai une expérience solide en Python et Docker.,90,1
sess_250_1771422404,2026-02-15T14:46:44.463294,217.05,0.0964,115.7,0.06,-1.0,0,"Franchement c'était nul, je déteste le code.",75,1
sess_251_1771422404,2025-12-21T14:46:44.463294,119.12,0.0828,106.9,0.13,-1.0,3,"Franchement c'était nul, je déteste le code.",55,0
sess_252_1771422404,2025-12-25T14:46:44.463294,286.1,0.1126,108.4,0.14,0.75,0,"Bonjour, je suis très motivé pour ce poste.",98,1
sess_253_1771422404,2025-12-20T14:46:44.463294,238.86,0.0311,159.2,0.46,-0.08,8,"Euh... bah en fait je sais pas trop, genre...",17,0
sess_254_1771422404,2026-01-03T14:46:44.463294,47.48,0.0713,111.9,0.13,-0.92,2,"Franchement c'était nul, je déteste le code.",53,0
sess_255_1771422404,2026-01-06T14:46:44.463294,266.8,0.0215,127.7,0.33,-0.17,7,Euh... alors... je crois que... peut-être.,31,0
sess_256_1771422404,2026-02-06T14:46:44.463294,180.97,0.0373,114.8,0.49,-0.1,4,"Euh... bah en fait je sais pas trop, genre...",26,0
sess_257_1771422404,2026-01-31T14:46:44.463294,128.0,0.0482,140.5,0.42,-0.08,11,Euh... alors... je crois que... peut-être.,0,0
sess_258_1771422404,2025-12-26T14:46:44.463294,130.61,0.0504,91.9,0.09,-0.94,2,"Franchement c'était nul, je déteste le code.",59,0
sess_259_1771422404,2025-12-31T14:46:44.463294,52.94,0.0877,107.6,0.05,0.84,1,"Bonjour, je suis très motivé pour ce poste.",100,1
sess_260_1771422404,2025-12-25T14:46:44.463294,75.78,0.082,105.3,0.07,0.87,0,"Bonjour, je suis très motivé pour ce poste.",100,1
sess_261_1771422404,2025-12-23T14:46:44.463294,193.67,0.1238,119.5,0.1,0.61,2,"Bonjour, je suis très motivé pour ce poste.",90,1
sess_262_1771422404,2026-02-07T14:46:44.463294,157.28,0.0903,101.0,0.12,0.78,0,"Bonjour, je suis très motivé pour ce poste.",100,1
sess_263_1771422404,2026-02-06T14:46:44.463294,91.25,0.0408,124.0,0.48,-0.39,8,"Euh... bah en fait je sais pas trop, genre...",8,0
sess_264_1771422404,2026-01-06T14:46:44.463294,221.31,0.072,108.6,0.09,-0.98,0,"Franchement c'était nul, je déteste le code.",66,1
sess_265_1771422404,2026-01-16T14:46:44.463294,96.88,0.1121,95.9,0.13,-0.74,0,"Franchement c'était nul, je déteste le code.",67,1
sess_266_1771422404,2026-01-23T14:46:44.463294,274.28,0.0993,112.1,0.09,-0.03,3,"C'était un peu compliqué, euh, mais on a réussi.",71,1
sess_267_1771422404,2026-01-17T14:46:44.463294,202.0,0.0218,154.9,0.38,-0.28,5,"Euh... bah en fait je sais pas trop, genre...",29,0
sess_268_1771422404,2025-12-22T14:46:44.463294,263.84,0.1337,98.7,0.06,-0.74,0,"Franchement c'était nul, je déteste le code.",75,1
sess_269_1771422404,2026-02-15T14:46:44.463294,180.39,0.1449,92.4,0.14,0.69,0,"Bonjour, je suis très motivé pour ce poste.",99,1
sess_270_1771422404,2026-01-10T14:46:44.463294,291.6,0.1091,119.2,0.08,0.55,2,J'ai une expérience solide en Python et Docker.,94,1
sess_271_1771422404,2025-12-31T14:46:44.463294,250.13,0.0272,147.3,0.47,-0.15,7,"Euh... bah en fait je sais pas trop, genre...",10,0
sess_272_1771422404,2025-12-21T14:46:44.463294,152.71,0.1242,119.2,0.06,0.62,3,J'ai une expérience solide en Python et Docker.,90,1
sess_273_1771422404,2026-01-02T14:46:44.463294,82.27,0.0466,140.8,0.22,0.06,10,Euh... alors... je crois que... peut-être.,27,0
sess_274_1771422404,2025-12-26T14:46:44.463294,148.31,0.0548,116.7,0.14,0.57,3,J'ai une expérience solide en Python et Docker.,81,1
sess_275_1771422404,2026-01-28T14:46:44.463294,211.96,0.0495,137.6,0.24,-0.18,9,Euh... alors... je crois que... peut-être.,29,0
sess_276_1771422404,2026-01-18T14:46:44.463294,47.45,0.0408,112.7,0.27,-0.15,8,"Euh... bah en fait je sais pas trop, genre...",28,0
sess_277_1771422404,2026-01-07T14:46:44.463294,33.46,0.0389,140.4,0.42,-0.16,10,Euh... alors... je crois que... peut-être.,3,0
sess_278_1771422404,2026-02-06T14:46:44.463294,100.0,0.1137,113.8,0.07,0.78,0,J'ai une expérience solide en Python et Docker.,100,1
sess_279_1771422404,2026-01-07T14:46:44.463294,266.66,0.0467,129.6,0.3,-0.25,9,Euh... alors... je crois que... peut-être.,16,0
sess_280_1771422404,2026-02-17T14:46:44.463294,136.27,0.0121,134.7,0.31,0.15,4,"C'était un peu compliqué, euh, mais on a réussi.",48,0
sess_281_1771422404,2025-12-30T14:46:44.463294,253.89,0.0983,95.3,0.09,0.7,3,J'ai une expérience solide en Python et Docker.,92,1
sess_282_1771422404,2026-01-20T14:46:44.463294,161.3,0.0114,112.8,0.47,-0.09,5,"Euh... bah en fait je sais pas trop, genre...",21,0
sess_283_1771422404,2026-01-27T14:46:44.463294,267.83,0.0765,106.6,0.06,-0.01,2,"C'était un peu compliqué, euh, mais on a réussi.",78,1
sess_284_1771422404,2026-01-23T14:46:44.463294,83.63,0.0856,117.8,0.09,0.98,2,"Bonjour, je suis très motivé pour ce poste.",100,1
sess_285_1771422404,2026-01-19T14:46:44.463294,94.4,0.0668,117.0,0.08,0.4,3,J'ai une expérience solide en Python et Docker.,83,1
sess_286_1771422404,2025-12-29T14:46:44.463294,217.11,0.0278,134.0,0.32,-0.09,5,"Euh... bah en fait je sais pas trop, genre...",40,0
sess_287_1771422404,2026-02-18T14:46:44.463294,174.16,0.0283,135.8,0.42,-0.02,8,"Euh... bah en fait je sais pas trop, genre...",14,0
sess_288_1771422404,2026-01-22T14:46:44.463294,39.95,0.0697,102.5,0.11,0.05,3,"C'était un peu compliqué, euh, mais on a réussi.",70,1
sess_289_1771422404,2026-01-19T14:46:44.463294,169.37,0.0542,99.2,0.09,-0.03,3,"C'était un peu compliqué, euh, mais on a réussi.",79,1
sess_290_1771422404,2025-12-26T14:46:44.463294,199.93,0.031,158.8,0.34,-0.11,6,"Euh... bah en fait je sais pas trop, genre...",34,0
sess_291_1771422404,2026-01-25T14:46:44.463294,249.09,0.103,119.7,0.09,0.28,1,"C'était un peu compliqué, euh, mais on a réussi.",94,1
sess_292_1771422404,2026-01-02T14:46:44.463294,139.77,0.0433,127.7,0.24,-0.05,8,Euh... alors... je crois que... peut-être.,35,0
sess_293_1771422404,2026-01-07T14:46:44.463294,97.43,0.0118,122.0,0.44,0.0,9,Euh... alors... je crois que... peut-être.,11,0
sess_294_1771422404,2026-01-26T14:46:44.463294,277.99,0.0808,101.4,0.14,0.71,2,J'ai une expérience solide en Python et Docker.,95,1
sess_295_1771422404,2025-12-25T14:46:44.463294,54.46,0.1463,94.6,0.1,-1.0,1,"Franchement c'était nul, je déteste le code.",62,1
sess_296_1771422404,2026-01-21T14:46:44.463294,283.51,0.0278,129.6,0.45,-0.3,7,"Euh... bah en fait je sais pas trop, genre...",13,0
sess_297_1771422404,2025-12-25T14:46:44.463294,144.08,0.0865,110.4,0.07,-0.99,2,"Franchement c'était nul, je déteste le code.",66,1
sess_298_1771422404,2026-02-08T14:46:44.463294,247.24,0.1043,112.3,0.11,-0.87,3,"Franchement c'était nul, je déteste le code.",52,0
sess_299_1771422404,2026-01-09T14:46:44.463294,78.76,0.0777,110.8,0.08,0.64,0,"Bonjour, je suis très motivé pour ce poste.",100,1
sess_300_1771422404,2026-01-10T14:46:44.463294,244.1,0.0868,116.1,0.11,0.03,2,"C'était un peu compliqué, euh, mais on a réussi.",74,1
sess_301_1771422404,2026-01-28T14:46:44.463294,74.79,0.0256,125.1,0.5,-0.29,7,"Euh... bah en fait je sais pas trop, genre...",13,0
sess_302_1771422404,2025-12-30T14:46:44.463294,208.67,0.0596,109.6,0.06,0.77,0,J'ai une expérience solide en Python et Docker.,100,1
sess_303_1771422404,2026-01-31T14:46:44.463294,297.8,0.0296,121.3,0.33,-0.14,9,Euh... alors... je crois que... peut-être.,17,0
sess_304_1771422404,2025-12-25T14:46:44.463294,33.81,0.0832,115.7,0.08,0.73,0,J'ai une expérience solide en Python et Docker.,100,1
sess_305_1771422404,2025-12-29T14:46:44.463294,124.77,0.094,95.1,0.11,0.12,3,"C'était un peu compliqué, euh, mais on a réussi.",78,1
sess_306_1771422404,2026-02-10T14:46:44.463294,176.6,0.0811,102.1,0.07,0.5,3,J'ai une expérience solide en Python et Docker.,92,1
sess_307_1771422404,2025-12-21T14:46:44.463294,67.91,0.0363,136.4,0.28,-0.18,7,Euh... alors... je crois que... peut-être.,37,0
sess_308_1771422404,2026-01-26T14:46:44.463294,269.21,0.0786,113.8,0.12,0.55,0,J'ai une expérience solide en Python et Docker.,94,1
sess_309_1771422404,2026-01-08T14:46:44.463294,269.87,0.016,137.1,0.41,-0.16,9,Euh... alors... je crois que... peut-être.,12,0
sess_310_1771422404,2026-02-10T14:46:44.463294,96.05,0.0447,112.6,0.32,-0.29,5,"Euh... bah en fait je sais pas trop, genre...",38,0
sess_311_1771422404,2026-01-28T14:46:44.463294,245.81,0.0879,118.4,0.11,-0.72,0,"Franchement c'était nul, je déteste le code.",78,1
sess_312_1771422404,2026-02-03T14:46:44.463294,211.03,0.0289,152.6,0.38,-0.27,7,"Euh... bah en fait je sais pas trop, genre...",23,0
sess_313_1771422404,2026-01-06T14:46:44.463294,97.38,0.0432,121.4,0.44,-0.29,11,Euh... alors... je crois que... peut-être.,0,0
sess_314_1771422404,2026-01-24T14:46:44.463294,161.7,0.1492,110.7,0.05,0.74,2,"Bonjour, je suis très motivé pour ce poste.",100,1
sess_315_1771422404,2026-01-12T14:46:44.463294,126.71,0.0113,139.3,0.25,0.29,5,"C'était un peu compliqué, euh, mais on a réussi.",55,0
sess_316_1771422404,2026-02-03T14:46:44.463294,273.85,0.0428,131.4,0.46,-0.01,10,Euh... alors... je crois que... peut-être.,5,0
sess_317_1771422404,2026-02-11T14:46:44.463294,48.64,0.0142,136.0,0.26,-0.35,6,"Euh... bah en fait je sais pas trop, genre...",35,0
sess_318_1771422404,2026-02-04T14:46:44.463294,259.03,0.0116,112.1,0.37,-0.04,10,Euh... alors... je crois que... peut-être.,15,0
sess_319_1771422404,2026-01-13T14:46:44.463294,151.41,0.0845,114.0,0.08,0.26,1,"C'était un peu compliqué, euh, mais on a réussi.",94,1
sess_320_1771422404,2026-02-06T14:46:44.464295,157.35,0.0826,111.6,0.1,0.54,3,J'ai une expérience solide en Python et Docker.,85,1
sess_321_1771422404,2026-01-16T14:46:44.464295,86.52,0.1383,93.7,0.14,0.7,2,"Bonjour, je suis très motivé pour ce poste.",93,1
sess_322_1771422404,2026-01-09T14:46:44.464295,232.13,0.059,103.5,0.07,0.85,3,"Bonjour, je suis très motivé pour ce poste.",94,1
sess_323_1771422404,2025-12-22T14:46:44.464295,105.75,0.0119,120.3,0.42,-0.12,7,Euh... alors... je crois que... peut-être.,22,0
sess_324_1771422404,2026-01-24T14:46:44.464295,67.41,0.1106,114.1,0.14,0.84,2,"Bonjour, je suis très motivé pour ce poste.",90,1
sess_325_1771422404,2025-12-23T14:46:44.464295,182.56,0.0185,110.1,0.35,-0.04,10,Euh... alors... je crois que... peut-être.,16,0
sess_326_1771422404,2026-01-18T14:46:44.464295,270.01,0.029,147.3,0.45,-0.17,5,"Euh... bah en fait je sais pas trop, genre...",28,0
sess_327_1771422404,2026-02-11T14:46:44.464295,69.0,0.0754,106.0,0.1,0.59,2,J'ai une expérience solide en Python et Docker.,90,1
sess_328_1771422404,2026-02-01T14:46:44.464295,263.64,0.1364,104.2,0.11,0.56,0,J'ai une expérience solide en Python et Docker.,98,1
sess_329_1771422404,2026-02-11T14:46:44.464295,223.96,0.1155,94.0,0.1,-1.0,3,"Franchement c'était nul, je déteste le code.",58,0
sess_330_1771422404,2026-01-15T14:46:44.464295,233.13,0.0942,94.0,0.14,0.79,0,J'ai une expérience solide en Python et Docker.,100,1
sess_331_1771422404,2026-01-03T14:46:44.464295,109.76,0.1305,105.1,0.14,0.7,0,J'ai une expérience solide en Python et Docker.,100,1
sess_332_1771422404,2025-12-20T14:46:44.464295,141.58,0.0429,115.1,0.38,-0.34,4,"Euh... bah en fait je sais pas trop, genre...",30,0
sess_333_1771422404,2026-01-21T14:46:44.464295,31.87,0.1033,91.9,0.07,0.23,1,"C'était un peu compliqué, euh, mais on a réussi.",94,1
sess_334_1771422404,2026-01-26T14:46:44.464295,255.78,0.0492,156.7,0.29,0.09,10,Euh... alors... je crois que... peut-être.,26,0
sess_335_1771422404,2025-12-21T14:46:44.464295,94.07,0.1271,90.9,0.05,0.71,0,"Bonjour, je suis très motivé pour ce poste.",100,1
sess_336_1771422404,2026-01-14T14:46:44.464295,269.94,0.1399,115.6,0.09,0.65,1,J'ai une expérience solide en Python et Docker.,95,1
sess_337_1771422404,2025-12-24T14:46:44.464295,96.23,0.0135,139.2,0.23,0.26,5,"C'était un peu compliqué, euh, mais on a réussi.",52,0
sess_338_1771422404,2025-12-22T14:46:44.464295,134.6,0.0235,145.9,0.36,-0.33,4,"Euh... bah en fait je sais pas trop, genre...",32,0
sess_339_1771422404,2026-01-28T14:46:44.464295,30.22,0.1071,107.5,0.14,0.18,1,"C'était un peu compliqué, euh, mais on a réussi.",83,1
sess_340_1771422404,2026-01-28T14:46:44.464295,91.5,0.0481,123.1,0.42,-0.21,7,Euh... alors... je crois que... peut-être.,17,0
sess_341_1771422404,2025-12-28T14:46:44.464295,157.19,0.0587,96.1,0.07,-0.92,2,"Franchement c'était nul, je déteste le code.",63,1
sess_342_1771422404,2026-01-11T14:46:44.464295,108.96,0.066,108.6,0.1,-0.9,0,"Franchement c'était nul, je déteste le code.",76,1
sess_343_1771422404,2026-01-30T14:46:44.464295,42.13,0.0227,144.4,0.44,-0.38,8,"Euh... bah en fait je sais pas trop, genre...",3,0
sess_344_1771422404,2026-01-11T14:46:44.464295,147.05,0.0574,118.9,0.15,0.72,1,J'ai une expérience solide en Python et Docker.,96,1
sess_345_1771422404,2026-02-04T14:46:44.464295,62.38,0.1438,104.6,0.05,0.8,2,"Bonjour, je suis très motivé pour ce poste.",100,1
sess_346_1771422404,2026-01-05T14:46:44.464295,201.47,0.1256,107.9,0.09,0.46,0,J'ai une expérience solide en Python et Docker.,100,1
sess_347_1771422404,2026-02-05T14:46:44.464295,161.6,0.0186,157.4,0.34,0.3,5,"C'était un peu compliqué, euh, mais on a réussi.",48,0
sess_348_1771422404,2026-01-26T14:46:44.464295,241.66,0.0342,145.5,0.46,-0.08,5,"C'était un peu compliqué, euh, mais on a réussi.",22,0
sess_349_1771422404,2026-02-08T14:46:44.464295,138.27,0.0289,157.7,0.37,-0.39,8,"Euh... bah en fait je sais pas trop, genre...",15,0
sess_350_1771422404,2026-01-19T14:46:44.464295,233.73,0.1361,107.2,0.1,0.82,2,"Bonjour, je suis très motivé pour ce poste.",100,1
sess_351_1771422404,2025-12-22T14:46:44.464295,200.68,0.0834,94.8,0.09,0.64,0,"Bonjour, je suis très motivé pour ce poste.",100,1
sess_352_1771422404,2025-12-22T14:46:44.464295,207.51,0.1021,107.4,0.06,-0.75,1,"Franchement c'était nul, je déteste le code.",74,1
sess_353_1771422404,2025-12-29T14:46:44.464295,268.47,0.0242,142.1,0.23,-0.08,4,"C'était un peu compliqué, euh, mais on a réussi.",53,0
sess_354_1771422404,2025-12-26T14:46:44.464295,96.02,0.016,139.9,0.23,-0.18,6,"Euh... bah en fait je sais pas trop, genre...",39,0
sess_355_1771422404,2025-12-21T14:46:44.464295,32.82,0.016,129.0,0.35,-0.09,6,"Euh... bah en fait je sais pas trop, genre...",37,0
sess_356_1771422404,2026-01-06T14:46:44.464295,113.97,0.1379,96.9,0.13,0.84,2,"Bonjour, je suis très motivé pour ce poste.",98,1
sess_357_1771422404,2026-02-11T14:46:44.464295,285.38,0.0499,148.2,0.39,0.03,9,Euh... alors... je crois que... peut-être.,12,0
sess_358_1771422404,2026-01-22T14:46:44.464295,186.52,0.0422,131.5,0.36,-0.13,8,"Euh... bah en fait je sais pas trop, genre...",17,0
sess_359_1771422404,2026-02-09T14:46:44.464295,213.0,0.1052,105.5,0.13,-0.76,1,"Franchement c'était nul, je déteste le code.",67,1
sess_360_1771422404,2026-01-18T14:46:44.464295,85.79,0.1151,109.8,0.05,0.77,0,"Bonjour, je suis très motivé pour ce poste.",100,1
sess_361_1771422404,2026-01-03T14:46:44.464295,244.57,0.0475,112.7,0.25,0.16,5,"C'était un peu compliqué, euh, mais on a réussi.",48,0
sess_362_1771422404,2026-01-23T14:46:44.464295,99.24,0.0388,141.8,0.23,-0.07,7,"Euh... bah en fait je sais pas trop, genre...",39,0
sess_363_1771422404,2026-01-11T14:46:44.464295,68.82,0.102,108.4,0.06,-0.7,0,"Franchement c'était nul, je déteste le code.",83,1
sess_364_1771422404,2026-02-14T14:46:44.464295,200.81,0.061,118.2,0.15,0.14,3,"C'était un peu compliqué, euh, mais on a réussi.",73,1
sess_365_1771422404,2026-01-04T14:46:44.464295,142.59,0.0653,101.3,0.13,-1.0,0,"Franchement c'était nul, je déteste le code.",64,1
sess_366_1771422404,2026-01-11T14:46:44.464295,110.39,0.0209,122.9,0.47,-0.17,9,Euh... alors... je crois que... peut-être.,0,0
sess_367_1771422404,2026-02-08T14:46:44.464295,147.49,0.1302,96.5,0.1,0.4,1,J'ai une expérience solide en Python et Docker.,92,1
sess_368_1771422404,2026-01-14T14:46:44.464295,211.32,0.0921,91.2,0.15,-0.92,2,"Franchement c'était nul, je déteste le code.",60,0
sess_369_1771422404,2026-01-11T14:46:44.464295,36.81,0.1428,104.7,0.11,0.29,1,"C'était un peu compliqué, euh, mais on a réussi.",85,1
sess_370_1771422404,2026-02-15T14:46:44.464295,155.55,0.0577,98.8,0.09,0.14,2,"C'était un peu compliqué, euh, mais on a réussi.",83,1
sess_371_1771422404,2026-01-11T14:46:44.464295,271.18,0.0427,123.6,0.36,-0.09,9,Euh... alors... je crois que... peut-être.,16,0
sess_372_1771422404,2026-01-24T14:46:44.464295,193.9,0.0984,94.0,0.1,0.63,3,"Bonjour, je suis très motivé pour ce poste.",90,1
sess_373_1771422404,2026-02-06T14:46:44.464295,73.31,0.1352,118.5,0.12,-1.0,3,"Franchement c'était nul, je déteste le code.",57,0
sess_374_1771422404,2025-12-26T14:46:44.464295,293.22,0.0527,99.3,0.06,0.69,3,J'ai une expérience solide en Python et Docker.,90,1
sess_375_1771422404,2026-01-31T14:46:44.464295,71.13,0.0269,147.8,0.3,-0.18,8,"Euh... bah en fait je sais pas trop, genre...",30,0
sess_376_1771422404,2026-02-05T14:46:44.464295,266.69,0.0829,108.1,0.06,0.52,0,J'ai une expérience solide en Python et Docker.,100,1
sess_377_1771422404,2026-01-25T14:46:44.464295,33.47,0.0357,110.7,0.31,-0.08,9,Euh... alors... je crois que... peut-être.,24,0
sess_378_1771422404,2026-01-14T14:46:44.464295,50.11,0.1311,104.1,0.09,-0.01,2,"C'était un peu compliqué, euh, mais on a réussi.",77,1
sess_379_1771422404,2026-01-01T14:46:44.464295,256.03,0.0432,148.7,0.39,-0.38,4,"Euh... bah en fait je sais pas trop, genre...",29,0
sess_380_1771422404,2025-12-22T14:46:44.464295,37.74,0.0884,117.8,0.13,-0.86,3,"Franchement c'était nul, je déteste le code.",57,0
sess_381_1771422404,2025-12-25T14:46:44.464295,264.73,0.0348,142.2,0.36,-0.01,5,"Euh... bah en fait je sais pas trop, genre...",38,0
sess_382_1771422404,2025-12-23T14:46:44.464295,64.2,0.0157,128.4,0.44,0.09,11,Euh... alors... je crois que... peut-être.,5,0
sess_383_1771422404,2026-02-01T14:46:44.464295,204.43,0.0328,159.4,0.25,-0.4,4,"Euh... bah en fait je sais pas trop, genre...",45,0
sess_384_1771422404,2026-02-07T14:46:44.464295,235.51,0.0128,150.8,0.27,-0.13,8,"Euh... bah en fait je sais pas trop, genre...",34,0
sess_385_1771422404,2026-01-27T14:46:44.464295,181.27,0.068,108.3,0.1,0.58,0,J'ai une expérience solide en Python et Docker.,97,1
sess_386_1771422404,2025-12-27T14:46:44.464295,108.62,0.031,134.9,0.26,-0.04,10,Euh... alors... je crois que... peut-être.,26,0
sess_387_1771422404,2026-01-12T14:46:44.464295,127.22,0.0937,116.5,0.1,0.14,1,"C'était un peu compliqué, euh, mais on a réussi.",87,1
sess_388_1771422404,2026-01-23T14:46:44.464295,153.13,0.0316,120.4,0.49,0.16,4,"C'était un peu compliqué, euh, mais on a réussi.",31,0
sess_389_1771422404,2025-12-23T14:46:44.464295,210.06,0.0989,113.2,0.12,-0.73,0,"Franchement c'était nul, je déteste le code.",75,1
sess_390_1771422404,2026-01-13T14:46:44.464295,127.47,0.0183,141.6,0.34,-0.13,7,Euh... alors... je crois que... peut-être.,29,0
sess_391_1771422404,2025-12-20T14:46:44.464295,61.97,0.0712,110.2,0.15,0.71,0,"Bonjour, je suis très motivé pour ce poste.",98,1
sess_392_1771422404,2025-12-23T14:46:44.464295,203.37,0.0352,117.8,0.21,-0.17,5,"Euh... bah en fait je sais pas trop, genre...",46,0
sess_393_1771422404,2026-01-14T14:46:44.464295,95.58,0.1265,103.0,0.06,-0.97,2,"Franchement c'était nul, je déteste le code.",60,0
sess_394_1771422404,2026-01-02T14:46:44.464295,242.95,0.041,146.8,0.36,0.16,5,"C'était un peu compliqué, euh, mais on a réussi.",46,0
sess_395_1771422404,2026-01-06T14:46:44.464295,212.09,0.054,92.6,0.15,0.4,3,J'ai une expérience solide en Python et Docker.,74,1
sess_396_1771422404,2026-01-24T14:46:44.464295,151.8,0.0455,113.9,0.33,0.06,5,"C'était un peu compliqué, euh, mais on a réussi.",41,0
sess_397_1771422404,2026-02-10T14:46:44.464295,280.51,0.0497,120.1,0.45,-0.39,8,"Euh... bah en fait je sais pas trop, genre...",10,0
sess_398_1771422404,2026-02-02T14:46:44.464295,56.57,0.119,99.9,0.1,-0.84,2,"Franchement c'était nul, je déteste le code.",61,1
sess_399_1771422404,2025-12-28T14:46:44.464295,160.63,0.0233,124.7,0.21,-0.21,10,Euh... alors... je crois que... peut-être.,22,0
sess_400_1771422404,2026-01-19T14:46:44.464295,112.4,0.1119,108.1,0.14,0.65,1,"Bonjour, je suis très motivé pour ce poste.",91,1
sess_401_1771422404,2025-12-26T14:46:44.464295,235.72,0.1228,97.0,0.13,0.93,2,"Bonjour, je suis très motivé pour ce poste.",95,1
sess_402_1771422404,2026-01-03T14:46:44.464295,44.27,0.1496,117.0,0.09,0.56,0,J'ai une expérience solide en Python et Docker.,100,1
sess_403_1771422404,2026-02-13T14:46:44.464295,298.41,0.1227,91.3,0.09,0.78,1,"Bonjour, je suis très motivé pour ce poste.",100,1
sess_404_1771422404,2026-01-28T14:46:44.464295,136.32,0.1074,111.1,0.06,0.85,0,"Bonjour, je suis très motivé pour ce poste.",100,1
sess_405_1771422404,2026-02-07T14:46:44.464295,245.0,0.0454,125.8,0.46,-0.05,5,"C'était un peu compliqué, euh, mais on a réussi.",29,0
sess_406_1771422404,2026-01-13T14:46:44.464295,33.09,0.0644,93.1,0.13,0.7,3,J'ai une expérience solide en Python et Docker.,90,1
sess_407_1771422404,2026-01-15T14:46:44.464295,275.1,0.1306,106.4,0.14,0.87,0,"Bonjour, je suis très motivé pour ce poste.",100,1
sess_408_1771422404,2026-01-30T14:46:44.464295,237.72,0.133,120.0,0.1,0.64,2,"Bonjour, je suis très motivé pour ce poste.",93,1
sess_409_1771422404,2026-01-17T14:46:44.464295,33.21,0.0546,104.0,0.13,0.67,0,J'ai une expérience solide en Python et Docker.,98,1
sess_410_1771422404,2026-01-31T14:46:44.464295,263.66,0.0325,126.3,0.5,0.14,5,"C'était un peu compliqué, euh, mais on a réussi.",31,0
sess_411_1771422404,2026-02-09T14:46:44.464295,136.27,0.0514,117.4,0.1,-1.0,3,"Franchement c'était nul, je déteste le code.",50,0
sess_412_1771422404,2025-12-31T14:46:44.464295,245.82,0.0864,91.6,0.14,-0.99,2,"Franchement c'était nul, je déteste le code.",50,0
sess_413_1771422404,2026-01-26T14:46:44.464295,211.04,0.0494,136.3,0.27,-0.2,5,"Euh... bah en fait je sais pas trop, genre...",43,0
sess_414_1771422404,2026-02-14T14:46:44.465295,104.97,0.0139,158.1,0.48,-0.37,4,"Euh... bah en fait je sais pas trop, genre...",29,0
sess_415_1771422404,2026-02-10T14:46:44.465295,106.43,0.0834,118.7,0.06,0.77,2,"Bonjour, je suis très motivé pour ce poste.",95,1
sess_416_1771422404,2026-01-22T14:46:44.465295,146.27,0.0372,140.1,0.5,-0.06,11,Euh... alors... je crois que... peut-être.,0,0
sess_417_1771422404,2026-01-24T14:46:44.465295,93.85,0.1464,110.3,0.08,0.07,2,"C'était un peu compliqué, euh, mais on a réussi.",85,1
sess_418_1771422404,2026-01-18T14:46:44.465295,113.99,0.0211,137.7,0.25,-0.0,6,"Euh... bah en fait je sais pas trop, genre...",45,0
sess_419_1771422404,2026-01-29T14:46:44.465295,292.81,0.0705,111.1,0.11,0.05,3,"C'était un peu compliqué, euh, mais on a réussi.",75,1
sess_420_1771422404,2026-01-29T14:46:44.465295,257.34,0.0206,156.8,0.21,-0.35,5,"Euh... bah en fait je sais pas trop, genre...",49,0
sess_421_1771422404,2026-01-23T14:46:44.465295,285.24,0.1134,115.7,0.14,0.76,0,J'ai une expérience solide en Python et Docker.,98,1
sess_422_1771422404,2026-01-13T14:46:44.465295,136.37,0.0498,140.2,0.46,-0.22,8,Euh... alors... je crois que... peut-être.,5,0
sess_423_1771422404,2026-01-31T14:46:44.465295,65.82,0.0752,107.6,0.07,-0.88,3,"Franchement c'était nul, je déteste le code.",63,1
sess_424_1771422404,2025-12-22T14:46:44.465295,138.48,0.1007,115.5,0.09,0.81,0,"Bonjour, je suis très motivé pour ce poste.",100,1
sess_425_1771422404,2026-02-03T14:46:44.465295,30.1,0.0577,118.9,0.13,0.73,2,J'ai une expérience solide en Python et Docker.,96,1
sess_426_1771422404,2026-02-15T14:46:44.465295,294.51,0.0524,114.7,0.12,0.43,2,J'ai une expérience solide en Python et Docker.,82,1
sess_427_1771422404,2026-01-13T14:46:44.465295,169.69,0.0127,146.3,0.21,-0.04,8,Euh... alors... je crois que... peut-être.,41,0
sess_428_1771422404,2026-02-13T14:46:44.465295,88.77,0.0673,103.9,0.05,-1.0,0,"Franchement c'était nul, je déteste le code.",71,1
sess_429_1771422404,2026-01-31T14:46:44.465295,292.61,0.1081,98.6,0.13,-0.83,0,"Franchement c'était nul, je déteste le code.",74,1
sess_430_1771422404,2026-02-17T14:46:44.465295,50.94,0.0291,110.8,0.44,0.3,5,"C'était un peu compliqué, euh, mais on a réussi.",40,0
sess_431_1771422404,2026-01-27T14:46:44.465295,32.12,0.0488,133.5,0.39,0.04,5,"C'était un peu compliqué, euh, mais on a réussi.",41,0
sess_432_1771422404,2025-12-31T14:46:44.465295,61.26,0.0589,95.6,0.12,-1.0,0,"Franchement c'était nul, je déteste le code.",72,1
sess_433_1771422404,2025-12-29T14:46:44.465295,124.23,0.0325,123.4,0.42,-0.04,8,Euh... alors... je crois que... peut-être.,19,0
sess_434_1771422404,2025-12-31T14:46:44.465295,100.3,0.1217,111.4,0.12,0.78,0,J'ai une expérience solide en Python et Docker.,100,1
sess_435_1771422404,2026-02-02T14:46:44.465812,272.52,0.1025,104.5,0.07,0.59,0,J'ai une expérience solide en Python et Docker.,100,1
sess_436_1771422404,2025-12-30T14:46:44.465812,299.02,0.1019,91.9,0.09,0.68,2,"Bonjour, je suis très motivé pour ce poste.",97,1
sess_437_1771422404,2025-12-26T14:46:44.465812,281.14,0.086,106.4,0.13,0.05,3,"C'était un peu compliqué, euh, mais on a réussi.",69,1
sess_438_1771422404,2026-01-31T14:46:44.465812,86.92,0.0558,103.8,0.07,0.71,0,J'ai une expérience solide en Python et Docker.,100,1
sess_439_1771422404,2026-01-25T14:46:44.465812,248.14,0.0248,122.2,0.22,-0.1,6,"Euh... bah en fait je sais pas trop, genre...",46,0
sess_440_1771422404,2026-01-31T14:46:44.465812,251.17,0.017,118.3,0.4,-0.15,7,"Euh... bah en fait je sais pas trop, genre...",26,0
sess_441_1771422404,2025-12-29T14:46:44.465812,151.39,0.0936,119.6,0.08,0.48,0,J'ai une expérience solide en Python et Docker.,100,1
sess_442_1771422404,2026-01-29T14:46:44.465812,223.79,0.0391,131.2,0.34,-0.01,7,"Euh... bah en fait je sais pas trop, genre...",28,0
sess_443_1771422404,2026-02-11T14:46:44.465812,79.76,0.0248,120.8,0.29,-0.32,8,"Euh... bah en fait je sais pas trop, genre...",23,0
sess_444_1771422404,2025-12-26T14:46:44.465812,123.11,0.1418,95.5,0.13,0.81,1,"Bonjour, je suis très motivé pour ce poste.",99,1
sess_445_1771422404,2026-01-28T14:46:44.465812,103.63,0.0278,123.6,0.3,-0.05,5,"Euh... bah en fait je sais pas trop, genre...",42,0
sess_446_1771422404,2025-12-31T14:46:44.465812,75.36,0.0716,104.1,0.08,0.87,2,"Bonjour, je suis très motivé pour ce poste.",100,1
sess_447_1771422404,2026-02-04T14:46:44.465812,157.11,0.146,94.2,0.11,0.65,0,"Bonjour, je suis très motivé pour ce poste.",97,1
sess_448_1771422404,2026-01-31T14:46:44.465812,251.71,0.1264,113.2,0.12,0.5,0,J'ai une expérience solide en Python et Docker.,96,1
sess_449_1771422404,2026-02-16T14:46:44.465812,93.85,0.0845,100.4,0.08,0.46,0,J'ai une expérience solide en Python et Docker.,98,1
sess_450_1771422404,2026-01-27T14:46:44.465812,268.51,0.1398,117.4,0.12,0.54,0,J'ai une expérience solide en Python et Docker.,98,1
sess_451_1771422404,2026-01-19T14:46:44.465812,49.16,0.0802,97.0,0.07,0.27,2,"C'était un peu compliqué, euh, mais on a réussi.",89,1
sess_452_1771422404,2026-01-30T14:46:44.465812,129.63,0.0852,109.2,0.09,0.54,0,J'ai une expérience solide en Python et Docker.,99,1
sess_453_1771422404,2026-01-22T14:46:44.465812,278.04,0.1344,109.7,0.09,0.78,0,"Bonjour, je suis très motivé pour ce poste.",100,1
sess_454_1771422404,2025-12-24T14:46:44.465812,286.82,0.0675,100.0,0.05,0.28,3,"C'était un peu compliqué, euh, mais on a réussi.",85,1
sess_455_1771422404,2026-02-18T14:46:44.465812,148.86,0.0876,111.2,0.13,-1.0,0,"Franchement c'était nul, je déteste le code.",69,1
sess_456_1771422404,2026-01-22T14:46:44.465812,45.02,0.0154,130.5,0.26,-0.09,8,Euh... alors... je crois que... peut-être.,32,0
sess_457_1771422404,2026-01-21T14:46:44.465812,296.18,0.1483,107.0,0.08,0.65,0,J'ai une expérience solide en Python et Docker.,100,1
sess_458_1771422404,2026-01-19T14:46:44.465812,292.5,0.0286,130.5,0.27,0.03,8,Euh... alors... je crois que... peut-être.,35,0
sess_459_1771422404,2026-01-02T14:46:44.465812,220.91,0.0673,100.1,0.1,0.1,2,"C'était un peu compliqué, euh, mais on a réussi.",85,1
sess_460_1771422404,2026-02-14T14:46:44.465812,91.09,0.1489,97.8,0.1,0.73,0,J'ai une expérience solide en Python et Docker.,100,1
sess_461_1771422404,2026-02-10T14:46:44.465812,256.12,0.1335,107.8,0.07,0.3,1,"C'était un peu compliqué, euh, mais on a réussi.",89,1
sess_462_1771422404,2026-01-14T14:46:44.465812,44.61,0.0998,97.9,0.11,-0.86,2,"Franchement c'était nul, je déteste le code.",66,1
sess_463_1771422404,2026-01-04T14:46:44.465812,176.28,0.0103,147.1,0.39,0.06,5,"C'était un peu compliqué, euh, mais on a réussi.",32,0
sess_464_1771422404,2026-02-18T14:46:44.465812,225.48,0.0158,119.8,0.48,-0.06,6,"Euh... bah en fait je sais pas trop, genre...",19,0
sess_465_1771422404,2026-01-25T14:46:44.465812,166.42,0.0664,102.5,0.13,0.4,2,J'ai une expérience solide en Python et Docker.,83,1
sess_466_1771422404,2026-02-01T14:46:44.465812,207.09,0.0784,90.1,0.08,0.78,0,"Bonjour, je suis très motivé pour ce poste.",100,1
sess_467_1771422404,2026-02-03T14:46:44.465812,188.74,0.0732,107.4,0.07,0.86,1,"Bonjour, je suis très motivé pour ce poste.",100,1
sess_468_1771422404,2025-12-25T14:46:44.465812,215.97,0.0514,118.7,0.14,-0.87,1,"Franchement c'était nul, je déteste le code.",62,1
sess_469_1771422404,2025-12-26T14:46:44.465812,87.78,0.0982,117.9,0.07,-1.0,2,"Franchement c'était nul, je déteste le code.",64,1
sess_470_1771422404,2025-12-29T14:46:44.465812,68.56,0.1236,108.2,0.14,-0.7,0,"Franchement c'était nul, je déteste le code.",69,1
sess_471_1771422404,2026-01-12T14:46:44.465812,81.68,0.1204,90.0,0.1,0.22,2,"C'était un peu compliqué, euh, mais on a réussi.",88,1
sess_472_1771422404,2026-01-26T14:46:44.465812,218.5,0.1493,104.9,0.11,-0.78,1,"Franchement c'était nul, je déteste le code.",71,1
sess_473_1771422404,2026-01-09T14:46:44.465812,153.03,0.0661,93.9,0.09,0.54,1,J'ai une expérience solide en Python et Docker.,94,1
sess_474_1771422404,2025-12-28T14:46:44.465812,157.79,0.0811,93.4,0.08,-1.0,1,"Franchement c'était nul, je déteste le code.",61,1
sess_475_1771422404,2026-02-14T14:46:44.465812,83.15,0.0351,116.0,0.26,0.24,5,"C'était un peu compliqué, euh, mais on a réussi.",51,0
sess_476_1771422404,2026-02-10T14:46:44.465812,128.47,0.1364,119.4,0.11,0.86,0,"Bonjour, je suis très motivé pour ce poste.",100,1
sess_477_1771422404,2026-01-13T14:46:44.465812,208.58,0.0912,91.3,0.06,0.04,2,"C'était un peu compliqué, euh, mais on a réussi.",84,1
sess_478_1771422404,2026-02-06T14:46:44.465812,50.24,0.0342,132.5,0.31,-0.29,6,"Euh... bah en fait je sais pas trop, genre...",29,0
sess_479_1771422404,2026-01-29T14:46:44.465812,220.78,0.0327,137.4,0.46,0.03,8,Euh... alors... je crois que... peut-être.,12,0
sess_480_1771422404,2026-02-11T14:46:44.465812,204.87,0.1475,90.1,0.1,0.66,1,"Bonjour, je suis très motivé pour ce poste.",93,1
sess_481_1771422404,2026-01-20T14:46:44.465812,31.82,0.0111,123.6,0.44,0.01,4,"C'était un peu compliqué, euh, mais on a réussi.",31,0
sess_482_1771422404,2026-01-06T14:46:44.465812,87.47,0.0373,150.3,0.24,0.19,5,"C'était un peu compliqué, euh, mais on a réussi.",58,0
sess_483_1771422404,2026-01-08T14:46:44.465812,268.86,0.0825,113.1,0.09,0.48,3,J'ai une expérience solide en Python et Docker.,81,1
sess_484_1771422404,2026-01-31T14:46:44.465812,97.57,0.1392,108.7,0.13,-1.0,3,"Franchement c'était nul, je déteste le code.",49,0
sess_485_1771422404,2025-12-22T14:46:44.465812,207.85,0.1477,99.6,0.08,-0.82,1,"Franchement c'était nul, je déteste le code.",66,1
sess_486_1771422404,2026-02-18T14:46:44.465812,158.8,0.1041,91.3,0.11,0.4,0,J'ai une expérience solide en Python et Docker.,98,1
sess_487_1771422404,2025-12-23T14:46:44.465812,296.37,0.0935,99.7,0.11,0.41,1,J'ai une expérience solide en Python et Docker.,95,1
sess_488_1771422404,2026-02-07T14:46:44.465812,72.19,0.0689,98.9,0.07,0.99,0,"Bonjour, je suis très motivé pour ce poste.",100,1
sess_489_1771422404,2026-01-06T14:46:44.465812,235.65,0.0111,114.1,0.21,-0.32,6,"Euh... bah en fait je sais pas trop, genre...",45,0
sess_490_1771422404,2026-01-18T14:46:44.465812,144.15,0.0449,118.4,0.37,0.27,5,"C'était un peu compliqué, euh, mais on a réussi.",46,0
sess_491_1771422404,2025-12-23T14:46:44.465812,181.82,0.0525,111.6,0.09,-0.85,2,"Franchement c'était nul, je déteste le code.",66,1
sess_492_1771422404,2026-01-09T14:46:44.465812,211.33,0.112,98.3,0.09,0.5,2,J'ai une expérience solide en Python et Docker.,96,1
sess_493_1771422404,2026-01-10T14:46:44.465812,211.42,0.0854,106.5,0.07,0.64,0,J'ai une expérience solide en Python et Docker.,100,1
sess_494_1771422404,2026-01-24T14:46:44.465812,293.82,0.0182,155.9,0.4,-0.32,5,"Euh... bah en fait je sais pas trop, genre...",33,0
sess_495_1771422404,2026-01-03T14:46:44.465812,281.06,0.0464,134.0,0.26,0.23,5,"C'était un peu compliqué, euh, mais on a réussi.",49,0
sess_496_1771422404,2025-12-21T14:46:44.465812,255.72,0.1083,102.3,0.09,0.72,2,"Bonjour, je suis très motivé pour ce poste.",91,1
sess_497_1771422404,2026-02-11T14:46:44.465812,192.2,0.1205,94.4,0.1,-0.73,0,"Franchement c'était nul, je déteste le code.",74,1
sess_498_1771422404,2025-12-29T14:46:44.465812,253.6,0.1487,107.7,0.12,0.24,1,"C'était un peu compliqué, euh, mais on a réussi.",87,1
sess_499_1771422404,2026-01-18T14:46:44.465812,224.46,0.1219,95.9,0.05,0.41,2,J'ai une expérience solide en Python et Docker.,90,1
